FILENAME,TYPE,SAT,SAT TIME (s),MP,MP TIME (s),CP,CP TIME (s),GUROBI,GUROBI TIME (s),BSAT,BSAT TIME (s)
10_05_005_100_25_1.GSP,S,20,0.24,20,1.04,20,0.97,20,0.47,20,0.18
10_05_005_100_50_1.GSP,S,16,0.24,16,0.54,16,0.77,16,0.33,16,0.27
10_05_005_100_75_1.GSP,S,23,0.18,23,0.52,23,0.63,23,0.31,23,0.18
10_05_005_125_25_1.GSP,S,22,0.21,22,0.53,22,0.57,22,0.36,22,0.21
10_05_005_125_50_1.GSP,S,35,0.21,35,0.51,35,0.55,35,0.32,35,0.19
10_05_005_125_75_1.GSP,S,37,0.17,37,0.51,37,0.55,37,0.28,37,0.17
10_05_025_100_25_1.GSP,S,14,0.19,14,0.53,14,0.54,14,0.28,14,0.18
10_05_025_100_50_1.GSP,S,28,0.16,28,0.54,28,0.55,28,0.22,28,0.14
10_05_025_100_75_1.GSP,S,34,0.15,34,0.68,34,0.54,34,0.21,34,0.15
10_05_025_125_25_1.GSP,S,22,0.16,22,0.61,22,0.53,22,0.22,22,0.15
10_05_025_125_50_1.GSP,S,23,0.19,23,0.57,23,0.54,23,0.2,23,0.17
10_05_025_125_75_1.GSP,S,27,0.15,27,0.54,27,0.54,27,0.19,27,0.14
10_05_050_100_25_1.GSP,S,8,0.18,8,0.55,8,0.54,8,0.21,8,0.19
10_05_050_100_50_1.GSP,S,19,0.17,19,0.55,19,0.54,19,0.23,19,0.25
10_05_050_100_75_1.GSP,S,18,0.15,18,0.52,18,0.53,18,0.22,18,0.19
10_05_050_125_25_1.GSP,S,12,0.16,12,0.54,12,0.54,12,0.25,12,0.17
10_05_050_125_50_1.GSP,S,22,0.13,22,0.52,22,0.53,22,0.23,22,0.16
10_05_050_125_75_1.GSP,S,18,0.12,18,0.56,18,0.54,18,0.21,18,0.16
10_10_005_100_25_1.GSP,S,-,0.1,-,0.56,-,0.49,-,0.2,-,0.13
10_10_005_100_50_1.GSP,S,-,0.1,-,0.53,-,0.5,-,0.19,-,0.12
10_10_005_100_75_1.GSP,S,-,0.1,-,0.55,-,0.5,-,0.19,-,0.13
10_10_005_125_25_1.GSP,S,22,0.11,22,0.53,22,0.54,22,0.21,22,0.15
10_10_005_125_50_1.GSP,S,13,0.12,13,0.53,13,0.53,13,0.19,13,0.17
10_10_005_125_75_1.GSP,S,20,0.12,20,0.56,20,0.59,20,0.2,20,0.22
10_10_025_100_25_1.GSP,S,6,0.17,6,0.55,6,0.54,6,0.19,6,0.16
10_10_025_100_50_1.GSP,S,4,0.11,4,0.57,4,0.54,4,0.2,4,0.17
10_10_025_100_75_1.GSP,S,15,0.11,15,0.56,15,0.54,15,0.21,15,0.15
10_10_025_125_25_1.GSP,S,8,0.14,8,0.58,8,0.54,8,0.2,8,0.17
10_10_025_125_50_1.GSP,S,4,0.12,4,0.55,4,0.54,4,0.2,4,0.19
10_10_025_125_75_1.GSP,S,9,0.11,9,0.58,9,0.54,9,0.2,9,0.19
10_10_050_100_25_1.GSP,S,3,0.13,3,0.57,3,0.54,3,0.21,3,0.2
10_10_050_100_50_1.GSP,S,3,0.12,3,0.54,3,0.54,3,0.21,3,0.19
10_10_050_100_75_1.GSP,S,9,0.12,9,0.59,9,0.54,9,0.21,9,0.18
10_10_050_125_25_1.GSP,S,3,0.14,3,0.54,3,0.55,3,0.21,3,0.23
10_10_050_125_50_1.GSP,S,7,0.13,7,0.54,7,0.54,7,0.2,7,0.2
10_10_050_125_75_1.GSP,S,0,0.12,0,0.53,0,0.54,0,0.18,0,0.2
10_05_005_100_25_1.GSP,L,184,0.73,184,1.19,184,1.27,184,1.17,184,6.73
10_05_005_100_50_1.GSP,L,213,0.38,213,0.59,213,0.91,213,0.2,213,0.45
10_05_005_100_75_1.GSP,L,263,0.38,263,0.57,263,0.86,263,0.17,263,0.44
10_05_005_125_25_1.GSP,L,172,0.53,172,0.59,172,0.76,172,0.22,172,3.93
10_05_005_125_50_1.GSP,L,-,0.1,-,0.55,-,0.66,-,0.16,-,0.07
10_05_005_125_75_1.GSP,L,-,0.1,-,0.55,-,0.5,-,0.18,-,0.09
10_05_025_100_25_1.GSP,L,67,0.38,67,0.55,67,0.57,67,0.18,67,0.87
10_05_025_100_50_1.GSP,L,-,0.1,-,0.55,-,0.52,-,0.16,-,0.1
10_05_025_100_75_1.GSP,L,248,0.18,248,0.54,248,0.55,248,0.17,248,0.25
10_05_025_125_25_1.GSP,L,96,0.38,96,0.55,96,0.61,96,0.19,96,2.11
10_05_025_125_50_1.GSP,L,214,0.52,214,0.55,214,0.56,214,0.19,214,1.81
10_05_025_125_75_1.GSP,L,130,0.24,130,0.54,130,0.55,130,0.17,130,0.53
10_05_050_100_25_1.GSP,L,124,0.65,124,0.59,124,0.57,124,0.18,124,2.14
10_05_050_100_50_1.GSP,L,66,0.88,66,0.55,66,0.56,66,0.19,66,1.68
10_05_050_100_75_1.GSP,L,245,0.35,245,0.55,245,0.57,245,0.2,245,1.05
10_05_050_125_25_1.GSP,L,13,0.87,13,0.57,13,0.56,13,0.18,13,4
10_05_050_125_50_1.GSP,L,145,0.7,145,0.58,145,0.55,145,0.19,145,4.52
10_05_050_125_75_1.GSP,L,229,0.47,229,0.62,229,0.6,229,0.18,229,0.88
10_10_005_100_25_1.GSP,L,-,0.18,-,0.56,-,0.73,-,0.16,-,0.17
10_10_005_100_50_1.GSP,L,281,0.33,281,0.58,281,0.58,281,0.16,281,1.11
10_10_005_100_75_1.GSP,L,184,0.3,184,0.55,184,0.61,184,0.18,184,0.82
10_10_005_125_25_1.GSP,L,148,0.26,148,0.57,148,0.55,148,0.17,148,0.41
10_10_005_125_50_1.GSP,L,184,0.29,184,0.58,184,0.56,184,0.16,184,0.54
10_10_005_125_75_1.GSP,L,256,0.16,256,0.56,256,0.57,256,0.16,256,0.19
10_10_025_100_25_1.GSP,L,58,0.72,58,0.56,58,0.56,58,0.18,58,2.44
10_10_025_100_50_1.GSP,L,136,0.58,136,0.58,136,0.6,136,0.18,136,3.07
10_10_025_100_75_1.GSP,L,210,0.38,210,0.58,210,0.55,210,0.17,210,0.36
10_10_025_125_25_1.GSP,L,76,0.65,76,0.61,76,0.54,76,0.17,76,1.9
10_10_025_125_50_1.GSP,L,53,0.57,53,0.57,53,0.56,53,0.16,53,2.23
10_10_025_125_75_1.GSP,L,241,0.55,241,0.56,241,0.54,241,0.17,241,1.27
20_05_005_100_25_1.GSP,S,55,0.13,55,0.64,55,0.99,55,0.59,55,0.43
20_05_005_100_50_1.GSP,S,54,0.12,54,0.64,54,0.66,54,0.67,54,0.34
20_05_005_100_75_1.GSP,S,63,0.11,63,0.58,63,0.56,63,0.34,63,0.25
20_05_005_125_25_1.GSP,S,60,0.33,60,39.28,60,0.54,60,15.65,60,6.01
20_05_005_125_50_1.GSP,S,65,0.13,65,0.61,65,0.56,65,0.29,65,0.29
20_05_005_125_75_1.GSP,S,83,0.12,83,0.61,83,0.59,83,0.31,83,0.25
20_05_025_100_25_1.GSP,S,43,0.21,43,1.46,43,0.57,43,0.99,43,0.91
20_05_025_100_50_1.GSP,S,63,0.16,63,0.81,63,0.58,63,0.68,63,0.94
20_05_025_100_75_1.GSP,S,83,0.15,83,1.88,83,0.58,83,2.02,83,0.57
20_05_025_125_25_1.GSP,S,41,0.19,41,6.12,41,0.54,41,2.96,41,0.61
20_05_025_125_50_1.GSP,S,43,0.15,43,0.99,43,0.54,43,0.62,43,0.37
20_05_025_125_75_1.GSP,S,45,0.14,45,0.61,45,0.54,45,0.28,45,0.25
20_05_050_100_25_1.GSP,S,21,0.13,21,0.63,21,0.54,21,0.29,21,0.31
20_05_050_100_50_1.GSP,S,38,0.13,38,0.63,38,0.54,38,0.42,38,0.30
20_05_050_100_75_1.GSP,S,49,0.12,49,0.65,49,0.56,49,0.38,49,0.24
20_05_050_125_25_1.GSP,S,37,0.20,37,1.32,37,0.59,37,0.99,37,0.69
20_05_050_125_50_1.GSP,S,36,0.16,36,0.69,36,0.60,36,0.36,36,0.36
20_05_050_125_75_1.GSP,S,55,0.15,55,0.96,55,0.56,55,0.54,55,0.33
20_10_005_100_25_1.GSP,S,12,0.13,12,0.57,12,0.54,12,0.21,12,0.21
20_10_005_100_50_1.GSP,S,24,0.13,24,0.57,24,0.55,24,0.22,24,0.23
20_10_005_100_75_1.GSP,S,42,0.10,42,0.56,42,0.54,42,0.24,42,0.18
20_10_005_125_25_1.GSP,S,58,0.12,58,0.58,58,0.53,58,0.20,58,0.20
20_10_005_125_50_1.GSP,S,40,0.12,40,0.56,40,0.54,40,0.22,40,0.23
20_10_005_125_75_1.GSP,S,45,0.11,45,0.55,45,0.58,45,0.24,45,0.17
20_10_025_100_25_1.GSP,S,2,0.16,2,0.56,2,0.55,2,0.24,2,0.35
20_10_025_100_50_1.GSP,S,3,0.14,3,0.56,3,0.54,3,0.23,3,0.32
20_10_025_100_75_1.GSP,S,4,0.13,4,0.56,4,0.54,4,0.23,4,0.21
20_10_025_125_25_1.GSP,S,1,0.13,1,0.55,1,0.56,1,0.24,1,0.33
20_10_025_125_50_1.GSP,S,15,0.12,15,0.57,15,0.54,15,0.23,15,0.25
20_10_025_125_75_1.GSP,S,30,0.11,30,0.54,30,0.54,30,0.24,30,0.20
20_10_050_100_25_1.GSP,S,13,0.14,13,0.62,13,0.54,13,0.34,13,0.34
20_10_050_100_50_1.GSP,S,42,0.14,42,0.60,42,0.53,42,0.25,42,0.29
20_10_050_100_75_1.GSP,S,27,0.14,27,0.58,27,0.57,27,0.26,27,0.32
20_10_050_125_25_1.GSP,S,19,0.13,19,0.59,19,0.58,19,0.24,19,0.27
20_10_050_125_50_1.GSP,S,41,0.11,41,0.58,41,0.53,41,0.27,41,0.20
20_10_050_125_75_1.GSP,S,47,0.11,47,0.57,47,0.57,47,0.32,47,0.20
20_05_005_100_25_1.GSP,L,411,3.63,411,3.09,411,0.78,411,2.19,411,41.02
20_05_005_100_50_1.GSP,L,372,1.54,372,0.64,372,0.55,372,0.22,372,17.68
20_05_005_100_75_1.GSP,L,512,1.12,512,0.77,512,0.53,512,0.35,512,9.48
20_05_005_125_25_1.GSP,L,540,2.37,540,1.79,540,0.53,540,0.48,540,41.31
20_05_005_125_50_1.GSP,L,578,1.31,578,0.91,578,0.52,578,0.35,578,16.17
20_05_005_125_75_1.GSP,L,560,0.61,560,0.71,560,0.50,560,0.33,560,3.91
20_05_025_100_25_1.GSP,L,410,3.05,410,1.32,410,0.53,410,0.71,410,142.07
20_05_025_100_50_1.GSP,L,447,2.42,447,0.72,447,0.53,447,0.31,447,33.54
20_05_025_100_75_1.GSP,L,610,1.25,610,0.80,610,0.57,610,0.39,610,68.70
20_05_025_125_25_1.GSP,L,335,15.13,335,TIMEOUT,335,0.56,335,149.51,335,TIMEOUT
20_05_025_125_50_1.GSP,L,417,3.77,417,6.85,417,0.50,417,6.06,417,TIMEOUT
20_05_025_125_75_1.GSP,L,466,1.98,466,0.74,466,0.50,466,0.33,466,36.33
20_05_050_100_25_1.GSP,L,318,3.95,318,0.76,318,0.53,318,0.42,318,43.11
20_05_050_100_50_1.GSP,L,406,3.97,406,0.89,406,0.51,406,0.33,406,49.38
20_05_050_100_75_1.GSP,L,803,2.03,803,0.75,803,0.52,803,0.24,803,27.17
20_05_050_125_25_1.GSP,L,425,5.11,425,2.32,425,0.53,425,1.10,425,TIMEOUT
20_05_050_125_50_1.GSP,L,592,3.32,592,1.56,592,0.53,592,1.16,592,94.68
20_05_050_125_75_1.GSP,L,562,2.38,562,0.66,562,0.55,562,0.20,562,28.88
20_10_005_100_25_1.GSP,L,356,1.54,356,0.65,356,0.52,356,0.18,356,8.09
20_10_005_100_50_1.GSP,L,379,1.01,379,0.65,379,0.52,379,0.18,379,7.26
20_10_005_100_75_1.GSP,L,485,0.78,485,0.62,485,0.52,485,0.18,485,3.76
20_10_005_125_25_1.GSP,L,102,2.11,102,0.71,102,0.57,102,0.18,102,15.51
20_10_005_125_50_1.GSP,L,289,1.05,289,0.62,289,0.56,289,0.18,289,7.99
20_10_005_125_75_1.GSP,L,378,1.09,378,0.62,378,0.58,378,0.19,378,7.15
20_10_025_100_25_1.GSP,L,67,1.35,67,0.64,67,0.56,67,0.18,67,9.85
20_10_025_100_50_1.GSP,L,151,1.13,151,0.63,151,0.55,151,0.17,151,7.14
20_10_025_100_75_1.GSP,L,361,0.70,361,0.63,361,0.56,361,0.18,361,3.29
20_10_025_125_25_1.GSP,L,688,1.22,688,0.63,688,0.57,688,0.18,688,14.91
20_10_025_125_50_1.GSP,L,277,1.34,277,0.64,277,0.52,277,0.18,277,10.54
20_10_025_125_75_1.GSP,L,551,0.66,551,0.67,551,0.51,551,0.18,551,3.48
20_10_050_100_25_1.GSP,L,29,1.20,29,0.63,29,0.54,29,0.19,29,10.53
20_10_050_100_50_1.GSP,L,237,0.87,237,0.61,237,0.52,237,0.18,237,5.76
20_10_050_100_75_1.GSP,L,125,0.69,125,0.64,125,0.51,125,0.18,125,4.72
20_10_050_125_25_1.GSP,L,362,1.06,362,0.65,362,0.50,362,0.18,362,6.35
20_10_050_125_50_1.GSP,L,379,0.83,379,0.64,379,0.50,379,0.17,379,4.57
20_10_050_125_75_1.GSP,L,311,0.64,311,0.62,311,0.52,311,0.18,311,5.51
30_05_005_100_25_1.GSP,S,89,5.61,89,TIMEOUT,89,0.94,89,TIMEOUT,89,169.17
30_05_005_100_50_1.GSP,S,89,0.59,89,TIMEOUT,89,0.79,89,TIMEOUT,89,3.08
30_05_005_100_75_1.GSP,S,94,0.22,94,TIMEOUT,94,0.67,94,TIMEOUT,94,0.80
30_05_005_125_25_1.GSP,S,88,17.04,88,TIMEOUT,88,0.56,88,TIMEOUT,88,TIMEOUT
30_05_005_125_50_1.GSP,S,88,1.26,88,TIMEOUT,88,0.54,88,TIMEOUT,88,10.80
30_05_005_125_75_1.GSP,S,92,0.29,92,34.59,92,0.58,92,17.84,92,1.69
30_05_025_100_25_1.GSP,S,52,1.85,52,TIMEOUT,52,0.59,52,TIMEOUT,52,12.12
30_05_025_100_50_1.GSP,S,64,0.26,64,1.72,64,0.60,64,1.27,64,5.06
30_05_025_100_75_1.GSP,S,77,0.25,77,4.07,77,0.57,77,3.19,77,2.56
30_05_025_125_25_1.GSP,S,92,179.70,92,TIMEOUT,92,0.58,92,TIMEOUT,92,TIMEOUT
30_05_025_125_50_1.GSP,S,94,5.14,94,TIMEOUT,94,0.61,94,TIMEOUT,94,TIMEOUT
30_05_025_125_75_1.GSP,S,112,0.44,112,TIMEOUT,112,0.56,112,TIMEOUT,112,6.23
30_05_050_100_25_1.GSP,S,36,0.84,36,TIMEOUT,36,0.60,36,TIMEOUT,36,3.96
30_05_050_100_50_1.GSP,S,56,0.32,56,TIMEOUT,56,0.65,56,TIMEOUT,56,1.69
30_05_050_100_75_1.GSP,S,63,0.28,63,263.13,63,0.58,63,238.83,63,1.50
30_05_050_125_25_1.GSP,S,49,0.77,49,7.89,49,0.58,49,6.66,49,11.67
30_05_050_125_50_1.GSP,S,81,0.80,81,TIMEOUT,81,0.58,81,TIMEOUT,81,9.42
30_05_050_125_75_1.GSP,S,86,0.31,86,139.36,86,0.58,86,76.93,86,3.22
30_10_005_100_25_1.GSP,S,94,0.13,94,0.66,94,0.53,94,0.26,94,0.30
30_10_005_100_50_1.GSP,S,74,0.14,74,0.63,74,0.55,74,0.19,74,0.25
30_10_005_100_75_1.GSP,S,112,0.13,112,0.60,112,0.54,112,0.19,112,0.20
30_10_005_125_25_1.GSP,S,42,0.28,42,15.01,42,0.59,42,29.53,42,0.98
30_10_005_125_50_1.GSP,S,64,0.19,64,0.69,64,0.55,64,0.29,64,0.44
30_10_005_125_75_1.GSP,S,75,0.14,75,0.60,75,0.54,75,0.18,75,0.25
30_10_025_100_25_1.GSP,S,2,0.21,2,0.81,2,0.59,2,0.49,2,0.70
30_10_025_100_50_1.GSP,S,17,0.18,17,0.70,17,0.54,17,0.20,17,0.47
30_10_025_100_75_1.GSP,S,32,0.14,32,0.65,32,0.56,32,0.28,32,0.35
30_10_025_125_25_1.GSP,S,102,0.21,102,0.67,102,0.59,102,0.19,102,0.81
30_10_025_125_50_1.GSP,S,107,0.19,107,0.66,107,0.54,107,0.19,107,0.61
30_10_025_125_75_1.GSP,S,109,0.20,109,0.62,109,0.56,109,0.20,109,0.63
30_10_050_100_25_1.GSP,S,3,0.21,3,0.69,3,0.55,3,0.20,3,0.55
30_10_050_100_50_1.GSP,S,0,0.23,0,0.67,0,0.55,0,0.20,0,0.50
30_10_050_100_75_1.GSP,S,1,0.22,1,0.62,1,0.62,1,0.19,1,0.46
30_10_050_125_25_1.GSP,S,0,0.31,0,0.70,0,0.53,0,0.20,0,1.03
30_10_050_125_50_1.GSP,S,0,0.25,0,0.67,0,0.55,0,0.22,0,1.04
30_10_050_125_75_1.GSP,S,9,0.23,9,0.67,9,0.57,9,0.26,9,0.91
30_05_005_100_25_1.GSP,L,760,29.30,760,TIMEOUT,760,0.51,760,TIMEOUT,811,TIMEOUT
30_05_005_100_50_1.GSP,L,722,14.38,722,TIMEOUT,722,0.52,722,TIMEOUT,729,TIMEOUT
30_05_005_100_75_1.GSP,L,1032,9.16,1032,46.79,1032,0.53,1032,32.50,1032,TIMEOUT
30_05_005_125_25_1.GSP,L,739,88.11,739,TIMEOUT,739,0.50,739,TIMEOUT,778,TIMEOUT
30_05_005_125_50_1.GSP,L,966,12.25,966,71.56,966,0.53,966,70.93,968,TIMEOUT
30_05_005_125_75_1.GSP,L,1001,7.22,1001,63.64,1001,0.54,1001,77.51,1001,193.62
30_05_025_100_25_1.GSP,L,573,53.47,573,TIMEOUT,573,0.55,573,TIMEOUT,610,TIMEOUT
30_05_025_100_50_1.GSP,L,696,23.08,696,TIMEOUT,696,0.55,696,TIMEOUT,721,TIMEOUT
30_05_025_100_75_1.GSP,L,917,9.99,917,3.75,917,0.55,917,2.20,920,TIMEOUT
30_05_025_125_25_1.GSP,L,714,271.76,714,TIMEOUT,714,0.57,714,TIMEOUT,740,TIMEOUT
30_05_025_125_50_1.GSP,L,759,23.95,759,TIMEOUT,759,0.55,759,TIMEOUT,806,TIMEOUT
30_05_025_125_75_1.GSP,L,1001,4.70,1001,1.42,1001,0.55,1001,1.18,1001,TIMEOUT
30_05_050_100_25_1.GSP,L,206,8.64,206,3.87,206,0.55,206,1.59,206,241.88
30_05_050_100_50_1.GSP,L,478,4.95,478,1.14,478,0.59,478,0.38,478,161.65
30_05_050_100_75_1.GSP,L,704,14.07,704,TIMEOUT,704,0.56,704,TIMEOUT,761,TIMEOUT
30_05_050_125_25_1.GSP,L,546,TIMEOUT,546,TIMEOUT,546,0.55,546,TIMEOUT,588,TIMEOUT
30_05_050_125_50_1.GSP,L,739,10.84,739,2.25,739,0.54,739,1.21,739,TIMEOUT
30_05_050_125_75_1.GSP,L,678,10.57,678,26.28,678,0.55,678,17.82,698,TIMEOUT
30_10_005_100_25_1.GSP,L,239,3.58,239,0.82,239,0.53,239,0.28,239,31.89
30_10_005_100_50_1.GSP,L,1208,4.84,1208,0.78,1208,0.52,1208,0.22,1208,51.05
30_10_005_100_75_1.GSP,L,635,2.63,635,0.73,635,0.51,635,0.20,635,23.70
30_10_005_125_25_1.GSP,L,343,5.71,343,7.85,343,0.55,343,4.22,343,183.29
30_10_005_125_50_1.GSP,L,918,5.17,918,0.85,918,0.52,918,0.21,918,52.18
30_10_005_125_75_1.GSP,L,1092,3.16,1092,0.72,1092,0.51,1092,0.19,1092,22.06
30_10_025_100_25_1.GSP,L,856,2.45,856,0.74,856,0.50,856,0.19,856,17.94
30_10_025_100_50_1.GSP,L,472,4.89,472,0.78,472,0.50,472,0.20,472,46.55
30_10_025_100_75_1.GSP,L,509,5.97,509,0.72,509,0.52,509,0.22,509,56.54
30_10_025_125_25_1.GSP,L,354,5.94,354,0.85,354,0.51,354,0.22,354,75.08
30_10_025_125_50_1.GSP,L,104,6.88,104,0.70,104,0.50,104,0.20,104,59.15
30_10_025_125_75_1.GSP,L,1249,3.56,1249,0.72,1249,0.50,1249,0.20,1249,36.03
30_10_050_100_25_1.GSP,L,699,6.95,699,0.76,699,0.50,699,0.19,699,101.21
30_10_050_100_50_1.GSP,L,540,8.40,540,2.17,540,0.52,540,1.69,540,TIMEOUT
30_10_050_100_75_1.GSP,L,640,3.65,640,0.71,640,0.50,640,0.23,640,51.48
30_10_050_125_25_1.GSP,L,801,6.22,801,0.83,801,0.50,801,0.19,801,99.78
30_10_050_125_50_1.GSP,L,224,8.34,224,0.82,224,0.49,224,0.22,224,99.60
30_10_050_125_75_1.GSP,L,743,14.06,743,TIMEOUT,743,0.52,743,TIMEOUT,761,TIMEOUT
40_05_005_100_25_1.GSP,S,121,TIMEOUT,121,TIMEOUT,121,0.98,121,TIMEOUT,121,TIMEOUT
40_05_005_100_50_1.GSP,S,108,0.53,108,27.15,108,0.73,108,38.03,108,3.19
40_05_005_100_75_1.GSP,S,133,0.53,133,TIMEOUT,133,0.58,133,TIMEOUT,133,6.07
40_05_005_125_25_1.GSP,S,88,TIMEOUT,88,TIMEOUT,88,0.64,88,TIMEOUT,88,TIMEOUT
40_05_005_125_50_1.GSP,S,114,0.55,114,TIMEOUT,114,0.63,114,TIMEOUT,114,3.94
40_05_005_125_75_1.GSP,S,152,1.38,152,TIMEOUT,152,0.65,152,TIMEOUT,152,48.05
40_05_025_100_25_1.GSP,S,91,TIMEOUT,91,TIMEOUT,91,0.58,91,TIMEOUT,91,TIMEOUT
40_05_025_100_50_1.GSP,S,90,1.69,90,TIMEOUT,90,0.61,90,TIMEOUT,90,7.81
40_05_025_100_75_1.GSP,S,100,0.69,100,TIMEOUT,100,0.61,100,TIMEOUT,100,2.02
40_05_025_125_25_1.GSP,S,74,TIMEOUT,74,TIMEOUT,74,0.64,74,TIMEOUT,74,TIMEOUT
40_05_025_125_50_1.GSP,S,85,1.32,85,TIMEOUT,85,0.64,85,TIMEOUT,85,11.86
40_05_025_125_75_1.GSP,S,153,0.69,153,63.72,153,0.62,153,40.62,153,54.42
40_05_050_100_25_1.GSP,S,58,0.81,58,70.22,58,0.67,58,31.09,58,6.83
40_05_050_100_50_1.GSP,S,77,2.72,77,TIMEOUT,77,0.65,77,TIMEOUT,77,39.06
40_05_050_100_75_1.GSP,S,90,1.06,90,TIMEOUT,90,0.63,90,TIMEOUT,90,38.42
40_05_050_125_25_1.GSP,S,59,0.44,59,16.81,59,0.59,59,1.31,59,2.13
40_05_050_125_50_1.GSP,S,92,10.99,92,TIMEOUT,92,0.64,92,TIMEOUT,92,TIMEOUT
40_05_050_125_75_1.GSP,S,118,1.81,118,TIMEOUT,118,0.63,118,TIMEOUT,118,137.94
40_10_005_100_25_1.GSP,S,77,0.24,77,1.15,77,0.58,77,0.74,77,0.96
40_10_005_100_50_1.GSP,S,55,0.25,55,1.24,55,0.58,55,0.25,55,0.89
40_10_005_100_75_1.GSP,S,115,0.19,115,1.09,115,0.56,115,0.21,115,0.54
40_10_005_125_25_1.GSP,S,164,0.19,164,1.13,164,0.57,164,0.23,164,0.76
40_10_005_125_50_1.GSP,S,52,0.26,52,2.13,52,0.63,52,0.62,52,0.86
40_10_005_125_75_1.GSP,S,130,0.27,130,1.19,130,0.56,130,0.22,130,1.10
40_10_025_100_25_1.GSP,S,4,0.75,4,TIMEOUT,4,0.63,4,TIMEOUT,4,3.06
40_10_025_100_50_1.GSP,S,81,0.27,81,TIMEOUT,81,0.63,81,9.33,81,0.84
40_10_025_100_75_1.GSP,S,136,0.22,136,1.08,136,0.57,136,0.25,136,0.67
40_10_025_125_25_1.GSP,S,11,0.49,11,TIMEOUT,11,0.66,11,TIMEOUT,11,2.75
40_10_025_125_50_1.GSP,S,94,0.90,94,180.08,94,0.60,94,154.02,94,9.34
40_10_025_125_75_1.GSP,S,125,0.31,125,1.32,125,0.57,125,0.31,125,1.19
40_10_050_100_25_1.GSP,S,71,0.46,71,1.47,71,0.57,71,0.22,71,2.17
40_10_050_100_50_1.GSP,S,4,0.30,4,1.21,4,0.58,4,0.23,4,1.28
40_10_050_100_75_1.GSP,S,9,0.26,9,1.25,9,0.57,9,0.29,9,1.00
40_10_050_125_25_1.GSP,S,0,0.47,0,1.51,0,0.57,0,0.32,0,3.26
40_10_050_125_50_1.GSP,S,11,0.29,11,182.58,11,0.58,11,0.30,11,1.16
40_10_050_125_75_1.GSP,S,84,0.60,84,TIMEOUT,84,0.60,84,TIMEOUT,84,8.87
40_05_005_100_25_1.GSP,L,1266,TIMEOUT,1266,TIMEOUT,1266,0.55,1266,TIMEOUT,1460,TIMEOUT
40_05_005_100_50_1.GSP,L,1017,173.18,1017,TIMEOUT,1017,0.50,1017,TIMEOUT,1046,TIMEOUT
40_05_005_100_75_1.GSP,L,1257,8.62,1257,TIMEOUT,1257,0.52,1257,TIMEOUT,1259,TIMEOUT
40_05_005_125_25_1.GSP,L,996,45.68,996,TIMEOUT,996,0.55,996,TIMEOUT,1002,TIMEOUT
40_05_005_125_50_1.GSP,L,853,26.57,853,TIMEOUT,853,0.55,853,TIMEOUT,857,TIMEOUT
40_05_005_125_75_1.GSP,L,1653,10.47,1653,TIMEOUT,1653,0.54,1653,206.82,1666,TIMEOUT
40_05_025_100_25_1.GSP,L,836,TIMEOUT,836,TIMEOUT,836,0.55,836,TIMEOUT,888,TIMEOUT
40_05_025_100_50_1.GSP,L,1453,TIMEOUT,1453,TIMEOUT,1453,0.52,1453,TIMEOUT,-,TIMEOUT
40_05_025_100_75_1.GSP,L,789,21.92,789,TIMEOUT,789,0.54,789,TIMEOUT,794,TIMEOUT
40_05_025_125_25_1.GSP,L,1413,TIMEOUT,1413,TIMEOUT,1413,0.55,1413,TIMEOUT,2421,TIMEOUT
40_05_025_125_50_1.GSP,L,1051,TIMEOUT,1051,TIMEOUT,1051,0.54,1051,TIMEOUT,1256,TIMEOUT
40_05_025_125_75_1.GSP,L,1532,28.48,1532,TIMEOUT,1532,0.52,1532,TIMEOUT,-,TIMEOUT
40_05_050_100_25_1.GSP,L,483,218.48,483,TIMEOUT,483,0.55,483,TIMEOUT,508,TIMEOUT
40_05_050_100_50_1.GSP,L,715,TIMEOUT,715,TIMEOUT,715,0.55,715,TIMEOUT,1344,TIMEOUT
40_05_050_100_75_1.GSP,L,593,17.90,593,TIMEOUT,593,0.52,593,TIMEOUT,613,TIMEOUT
40_05_050_125_25_1.GSP,L,783,TIMEOUT,783,TIMEOUT,783,0.53,783,TIMEOUT,803,TIMEOUT
40_05_050_125_50_1.GSP,L,671,19.92,671,2.54,671,0.55,671,1.18,671,295.90
40_05_050_125_75_1.GSP,L,1110,31.98,1110,TIMEOUT,1110,0.59,1110,TIMEOUT,1176,TIMEOUT
40_10_005_100_25_1.GSP,L,610,6.53,610,0.78,610,0.53,610,0.90,610,77.21
40_10_005_100_50_1.GSP,L,883,23.64,883,TIMEOUT,883,0.55,883,TIMEOUT,905,TIMEOUT
40_10_005_100_75_1.GSP,L,1141,1.99,1141,0.76,1141,0.57,1141,0.88,1141,14.44
40_10_005_125_25_1.GSP,L,654,68.77,654,TIMEOUT,654,0.56,654,TIMEOUT,673,TIMEOUT
40_10_005_125_50_1.GSP,L,658,12.97,658,0.78,658,0.54,658,1.00,658,110.01
40_10_005_125_75_1.GSP,L,950,4.52,950,1.39,950,0.54,950,1.41,950,52.54
40_10_025_100_25_1.GSP,L,236,8.78,236,0.75,236,0.55,236,0.32,236,68.33
40_10_025_100_50_1.GSP,L,136,24.49,136,TIMEOUT,136,0.57,136,TIMEOUT,136,TIMEOUT
40_10_025_100_75_1.GSP,L,900,6.29,900,TIMEOUT,900,0.57,900,TIMEOUT,901,TIMEOUT
40_10_025_125_25_1.GSP,L,444,16.78,444,0.92,444,0.52,444,1.02,444,242.28
40_10_025_125_50_1.GSP,L,1121,9.68,1121,0.79,1121,0.53,1121,0.26,1121,111.78
40_10_025_125_75_1.GSP,L,792,10.06,792,0.73,792,0.50,792,0.23,792,82.10
40_10_050_100_25_1.GSP,L,19,19.11,19,0.76,19,0.52,19,0.26,-,TIMEOUT
40_10_050_100_50_1.GSP,L,900,10.50,900,0.86,900,0.50,900,0.32,900,147.88
40_10_050_100_75_1.GSP,L,0,7.29,0,0.74,0,0.51,0,0.24,0,86.64
40_10_050_125_25_1.GSP,L,155,25.37,155,1.08,155,0.51,155,0.43,-,TIMEOUT
40_10_050_125_50_1.GSP,L,636,15.83,636,0.89,636,0.51,636,0.39,2602,TIMEOUT
40_10_050_125_75_1.GSP,L,920,8.54,920,0.76,920,0.54,920,0.29,920,166.22
50_05_005_100_25_1.GSP,S,121,TIMEOUT,121,TIMEOUT,121,1.03,121,TIMEOUT,121,TIMEOUT
50_05_005_100_50_1.GSP,S,177,TIMEOUT,177,TIMEOUT,177,0.69,177,TIMEOUT,177,TIMEOUT
50_05_005_100_75_1.GSP,S,181,10.07,181,TIMEOUT,181,0.62,181,TIMEOUT,181,TIMEOUT
50_05_005_125_25_1.GSP,S,149,TIMEOUT,149,TIMEOUT,149,0.63,149,TIMEOUT,149,TIMEOUT
50_05_005_125_50_1.GSP,S,169,23.14,169,TIMEOUT,169,0.62,169,TIMEOUT,169,TIMEOUT
50_05_005_125_75_1.GSP,S,175,6.56,175,TIMEOUT,175,0.60,175,TIMEOUT,175,148.31
50_05_025_100_25_1.GSP,S,138,TIMEOUT,138,TIMEOUT,138.00,0.63,138,TIMEOUT,138,TIMEOUT
50_05_025_100_50_1.GSP,S,142,0.34,142,1.74,142,0.63,142,0.87,142,2.17
50_05_025_100_75_1.GSP,S,121,3.34,121,TIMEOUT,121,0.57,121,TIMEOUT,121,97.99
50_05_025_125_25_1.GSP,S,101,9.04,101,TIMEOUT,101,0.63,101,TIMEOUT,101,TIMEOUT
50_05_025_125_50_1.GSP,S,124,19.73,124,TIMEOUT,124,0.60,124,TIMEOUT,124,TIMEOUT
50_05_025_125_75_1.GSP,S,126,1.60,126,TIMEOUT,126,0.59,126,TIMEOUT,126,41.49
50_05_050_100_25_1.GSP,S,82,TIMEOUT,82,TIMEOUT,82,0.62,82,TIMEOUT,82,TIMEOUT
50_05_050_100_50_1.GSP,S,122,TIMEOUT,122,TIMEOUT,122,0.64,122,TIMEOUT,122,TIMEOUT
50_05_050_100_75_1.GSP,S,172,3.38,172,TIMEOUT,172,0.64,172,TIMEOUT,172,TIMEOUT
50_05_050_125_25_1.GSP,S,122,TIMEOUT,122,TIMEOUT,122,0.64,122,TIMEOUT,122,TIMEOUT
50_05_050_125_50_1.GSP,S,108,TIMEOUT,108,TIMEOUT,108,0.62,108,TIMEOUT,108,TIMEOUT
50_05_050_125_75_1.GSP,S,157,2.33,157,TIMEOUT,157,0.62,157,TIMEOUT,157,156.88
50_10_005_100_25_1.GSP,S,121,0.29,121,0.83,121,0.54,121,0.78,121,1.30
50_10_005_100_50_1.GSP,S,78,0.35,78,0.89,78,0.55,78,0.30,78,2.13
50_10_005_100_75_1.GSP,S,132,0.26,132,0.85,132,0.54,132,0.23,132,0.94
50_10_005_125_25_1.GSP,S,15,0.81,15,TIMEOUT,15,0.55,15,TIMEOUT,15,4.37
50_10_005_125_50_1.GSP,S,158,0.30,158,1.05,158,0.54,158,0.75,158,2.06
50_10_005_125_75_1.GSP,S,212,0.33,212,1.42,212,0.54,212,0.30,212,2.18
50_10_025_100_25_1.GSP,S,94,0.36,94,0.99,94,0.54,94,0.29,94,2.75
50_10_025_100_50_1.GSP,S,22,0.40,22,1.00,22,0.56,22,0.30,22,2.26
50_10_025_100_75_1.GSP,S,119,0.33,119,0.98,119,0.54,119,0.31,119,1.76
50_10_025_125_25_1.GSP,S,85,0.53,85,0.90,85,0.59,85,0.37,85,4.33
50_10_025_125_50_1.GSP,S,123,1.13,123,TIMEOUT,123,0.63,123,TIMEOUT,123,11.09
50_10_025_125_75_1.GSP,S,77,0.47,77,1.03,77,0.55,77,0.70,77,3.35
50_10_050_100_25_1.GSP,S,33,0.42,33,1.15,33,0.58,33,0.39,33,2.93
50_10_050_100_50_1.GSP,S,132,0.34,132,0.90,132,0.55,132,0.26,132,2.93
50_10_050_100_75_1.GSP,S,214,0.32,214,0.77,214,0.61,214,0.24,214,3.44
50_10_050_125_25_1.GSP,S,91,0.43,91,1.01,91,0.54,91,0.34,91,4.30
50_10_050_125_50_1.GSP,S,82,0.67,82,1.06,82,0.55,82,0.45,82,5.17
50_10_050_125_75_1.GSP,S,125,0.39,125,0.84,125,0.54,125,0.27,125,2.80
50_05_005_100_25_1.GSP,L,1367,152.68,1367,TIMEOUT,1367,0.56,1367,TIMEOUT,1859,TIMEOUT
50_05_005_100_50_1.GSP,L,1246,TIMEOUT,1246,TIMEOUT,1246,0.55,1246,TIMEOUT,1503,TIMEOUT
50_05_005_100_75_1.GSP,L,1794,29.47,1794,TIMEOUT,1794,0.57,1794,TIMEOUT,2289,TIMEOUT
50_05_005_125_25_1.GSP,L,1018,TIMEOUT,1018,TIMEOUT,1018,0.55,1018,TIMEOUT,1287,TIMEOUT
50_05_005_125_50_1.GSP,L,1671,TIMEOUT,1661,TIMEOUT,1661,0.54,1661,TIMEOUT,1859,TIMEOUT
50_05_005_125_75_1.GSP,L,2382,96.15,2382,TIMEOUT,2382,0.51,2382,TIMEOUT,2588,TIMEOUT
50_05_025_100_25_1.GSP,L,1070,TIMEOUT,1070,TIMEOUT,1070,0.55,1070,TIMEOUT,1379,TIMEOUT
50_05_025_100_50_1.GSP,L,1668,TIMEOUT,1668,TIMEOUT,1668,0.55,1668,TIMEOUT,-,TIMEOUT
50_05_025_100_75_1.GSP,L,1429,133.87,1429,TIMEOUT,1429,0.55,1429,TIMEOUT,-,TIMEOUT
50_05_025_125_25_1.GSP,L,894,TIMEOUT,894,TIMEOUT,894,0.58,894,TIMEOUT,-,TIMEOUT
50_05_025_125_50_1.GSP,L,1126,TIMEOUT,1126,TIMEOUT,1126,0.55,1126,TIMEOUT,-,TIMEOUT
50_05_025_125_75_1.GSP,L,1245,53.28,1245,TIMEOUT,1245,0.62,1245,TIMEOUT,1364,TIMEOUT
50_05_050_100_25_1.GSP,L,996,TIMEOUT,996,TIMEOUT,996,0.58,996,TIMEOUT,-,TIMEOUT
50_05_050_100_50_1.GSP,L,724,TIMEOUT,724,TIMEOUT,724,0.60,724,TIMEOUT,2849,TIMEOUT
50_05_050_100_75_1.GSP,L,1180,17.38,1180,TIMEOUT,1180,0.57,1180,101.19,1262,TIMEOUT
50_05_050_125_25_1.GSP,L,750,TIMEOUT,748,TIMEOUT,748,0.56,748,TIMEOUT,-,TIMEOUT
50_05_050_125_50_1.GSP,L,1116,TIMEOUT,1116,TIMEOUT,1116,0.56,1116,TIMEOUT,-,TIMEOUT
50_05_050_125_75_1.GSP,L,1306,143.11,1306,TIMEOUT,1306,0.54,1306,TIMEOUT,1375,TIMEOUT
50_10_005_100_25_1.GSP,L,374,69.63,374,TIMEOUT,374,0.52,374,TIMEOUT,397,TIMEOUT
50_10_005_100_50_1.GSP,L,802,27.18,802,1.03,802,0.51,802,0.94,802,169.02
50_10_005_100_75_1.GSP,L,1714,14.38,1714,0.72,1714,0.50,1714,0.30,1726,TIMEOUT
50_10_005_125_25_1.GSP,L,303,39.66,303,35.29,303,0.52,303,15.62,2864,TIMEOUT
50_10_005_125_50_1.GSP,L,534,19.63,534,0.94,534,0.51,534,0.32,534,162.82
50_10_005_125_75_1.GSP,L,2268,8.25,2268,1.54,2268,0.52,2268,0.51,2268,212.72
50_10_025_100_25_1.GSP,L,1471,11.20,1471,0.88,1471,0.50,1471,0.26,1471,194.39
50_10_025_100_50_1.GSP,L,928,13.36,928,1.28,928,0.50,928,0.42,928,195.44
50_10_025_100_75_1.GSP,L,492,9.32,492,0.74,492,0.50,492,0.25,492,86.48
50_10_025_125_25_1.GSP,L,174,52.20,174,TIMEOUT,174,0.52,174,TIMEOUT,-,TIMEOUT
50_10_025_125_50_1.GSP,L,0,21.27,0,0.82,0,0.50,0,0.92,0,247.25
50_10_025_125_75_1.GSP,L,1003,21.58,1003,0.85,1003,0.50,1003,0.25,1003,284.21
50_10_050_100_25_1.GSP,L,204,12.10,204,0.99,204,0.51,204,0.31,204,292.77
50_10_050_100_50_1.GSP,L,696,10.81,696,0.84,696,0.51,696,0.27,696,214.22
50_10_050_100_75_1.GSP,L,747,93.65,747,TIMEOUT,747,0.56,747,TIMEOUT,1905,TIMEOUT
50_10_050_125_25_1.GSP,L,158,28.96,158,0.88,158,0.50,158,0.83,-,TIMEOUT
50_10_050_125_50_1.GSP,L,418,32.05,418,0.85,418,0.49,418,0.28,-,TIMEOUT
50_10_050_125_75_1.GSP,L,801,23.14,801,0.88,801,0.52,801,0.27,801,240.25